010722.config,next-20230120
090421.config,next-20230120
100921.config,next-20230120
110821.config,next-20230124
121121.config,next-20230124
090421.config,next-20230125
011618.config,next-20230125
080421.config,next-20230125
110821.config,next-20230127
090820.config,next-20230127
073120.config,next-20230127
062721.config,next-20230130
020119.config,next-20230131
060720.config,next-20230201
122719.config,next-20230216
120920.config,next-20230203
092021.config,next-20230203
020421.config,next-20230203
110821.config,next-20230206
090421.config,next-20230206
041221.config,next-20230207
060720.config,next-20230206
010722.config,next-20230206
110821.config,next-20230210
022520.config,next-20230213
121121.config,next-20230213
032221.config,next-20230213
121121.config,next-20230216
010722.config,next-20230216
122719.config,next-20230216
032521.config,next-20230216
110821.config,next-20230217
020421.config,next-20230221
041221.config,next-20230221
092021.config,next-20230224
051320.config,next-20230224
110821.config,next-20230225
102920.config,next-20230227
080421.config,next-20230117
