010722.config,b7455b10da762f2d447678c88e37cc1eb6cb45ee
020119.config,83e5775d7afda68f6d7576d21f7a080fbfeecc4f
020421.config,b7455b10da762f2d447678c88e37cc1eb6cb45ee
022520.config,b7455b10da762f2d447678c88e37cc1eb6cb45ee
060720.config,b7455b10da762f2d447678c88e37cc1eb6cb45ee
090421.config,aabe491169befbe5481144acf575a0260939764a
090820.config,b7455b10da762f2d447678c88e37cc1eb6cb45ee
100520.config,b7455b10da762f2d447678c88e37cc1eb6cb45ee
100718.config,b7455b10da762f2d447678c88e37cc1eb6cb45ee
121121.config,b7455b10da762f2d447678c88e37cc1eb6cb45ee
