100921.config,5c976a56570f29aaf4a2f9a1bf99789c252183c9,next-20230119
032521.config,d1a97648ae028a44536927c87837c45ada7141c9,next-20230119
010722.config,216a9873198bdc5c670a9f71d58fafd30227c9c8,next-20230120
090421.config,72d6cbb533d4309734606027fe083c4edb0aa7aa,next-20230120
100921.config,19f036eaaffa581449c907aa78b98b1f147af336,next-20230120
110821.config,cfdf6b19e750f7de8ae71a26932f63b52e3bf74c,next-20230124
121121.config,b011a57e41ccbd402ecdcb53514ba76b898ec22e,next-20230124
090421.config,9467a0ce486c87a8f06ad492afa8b95686bff61f,next-20230125
011618.config,3fc0b7d3e0a4d37e4c60c2232df4500187a07232,next-20230125
080421.config,c454d16a7d5a9af88b844d98bec50d2363c19941,next-20230125
110821.config,c9c5608fafe4dae975c9644c7d14c51ad3b0ed73,next-20230127
090820.config,2d9bdf645584d15ed1d4aae6204cb6ea8b673d48,next-20230127
073120.config,536a4f75d48146ddf8beb97eaf454f616b6bf4b2,next-20230127
062721.config,9b13ff4340dff30f361462999a6a122fcc4e473f,next-20230130
020119.config,eb5e6730db98fcc4b51148b4a819fa4bf864ae54,next-20230131
060720.config,d941f47caa386931c3b598ad1b43d5ddd65869aa,next-20230201
122719.config,93e23eb2ed6c11b4f483c8111ac155ec2b1f3042,next-20230216
120920.config,1918651f2d7e8d58c9b7c49755c61e41ed655009,next-20230203
092021.config,f4475f249445b3c1fb99919b0514a075b6d6b3d4,next-20230203
020421.config,0c4915b6ad823b2e6ae9d97f6da64f1612254d6e,next-20230203
110821.config,cfdf6b19e750f7de8ae71a26932f63b52e3bf74c,next-20230206
090421.config,72d6cbb533d4309734606027fe083c4edb0aa7aa,next-20230206
041221.config,2cf2581cd2290ccef674f1be5f7977d66702eedb,next-20230207
060720.config,4601e24a6fb819d38d1156d0f690cbe6a42c6d76,next-20230206
010722.config,9b648bb1d89ef058196cff4fe3bd678ab7ebdb19,next-20230206
110821.config,3652096e5263ad67604b0323f71d133485f410e5,next-20230210
022520.config,6a6c4a4d459ecacc9013c45dcbf2bc9747fdbdbd,next-20230213
121121.config,4f67cca70c0f615e9cfe6ac42244f3416ec60877,next-20230213
032221.config,031d5c16065606efc387aa6865690037c13cefc4,next-20230213
121121.config,b011a57e41ccbd402ecdcb53514ba76b898ec22e,next-20230216
010722.config,771ced73fccd0ac19bb956eaacce3669cfccc805,next-20230216
122719.config,0df952873636a6df4b7469a4eb4da1e477031e3a,next-20230216
032521.config,ddaf14dab78c915b52f6c359b3f00ef3b97bccf6,next-20230216
110821.config,c9c5608fafe4dae975c9644c7d14c51ad3b0ed73,next-20230217
020421.config,a66111446d3eaf6e982d6a497745cb4fa7247afa,next-20230221
041221.config,e318c3c2ae7d64ae47467044523bd3e2da5c5ce6,next-20230221
092021.config,ea97e44f83e25cb63c70293d71ab625a23f8a0cc,next-20230224
051320.config,7cba8c30aa7baf79650dec6b7713b985be84c5f7,next-20230224
110821.config,ed04ea76e69e7194f7489cebe23a32a68f39218d,next-20230225
102920.config,bd0cef2a797ac59a103c887b7864b6cf7bd5b512,next-20230227
080421.config,5f11723b204aaf461e7a5242fc732222d2f0aa17,next-20230117
